title,medium,culture,department,region
Miniature tabard,"Cotton, camelid hair, silk, metal",Inca and Spanish,The Michael C. Rockefeller Wing,none
Textile Fragment,"Silk, silvered (?) animal substrate wound around a cotton core; lampas",none,Islamic Art,Eastern Islamic Lands
Piece,Wool and silk,none,European Sculpture and Decorative Arts,none
Arkilla kunta (interior hanging),"Wool, cotton, dye",Fulani peoples,The Michael C. Rockefeller Wing,none
Seasons and Elements (Summer) (set of four),"Canvas; silk, wool, and metal-thread embroidery in tent stitch (316 stitches per sq. inch, 49 per sq. cm.)",none,European Sculpture and Decorative Arts,none
Seasons and Elements (Fire) (set of four),"Canvas; silk, wool, and metal-thread embroidery in tent stitch (316 stitches per sq. inch, 49 per sq. cm.)",none,European Sculpture and Decorative Arts,none
Seasons and Elements (Spring) (set of four),"Canvas; silk, wool, and metal-thread embroidery in tent stitch (316 stitches per sq. inch, 49 per sq. cm.)",none,European Sculpture and Decorative Arts,none
Velvet panel,Velvet,American,The American Wing,none
Textile fragment,"Wool, cotton",Sasanian,Ancient West Asian Art,Iran
The Tukad Kad Sequence #04,"Split bamboo pus weave with kayu obol black natural dye, matt sealant",none,Modern and Contemporary Art,none
Seasons and Elements (Air) (set of four),"Canvas; silk, wool, and metal-thread embroidery in tent stitch (316 stitches per sq. inch, 49 stitches per sq. cm.)",none,European Sculpture and Decorative Arts,none
<Tiraz> Textile Fragment,"Cotton; plain weave, painted",none,Islamic Art,none
Textile with Musicians,"Silk, gilt animal substrate around a silk core; lampas",none,Islamic Art,none
"Don Quixote Tilting at Windmills, from “Don Quixote in Grotesques”","Wool, silk and precious metal-wrapped threads",none,European Sculpture and Decorative Arts,none
Hanging (Arid),"Linen, silk; plain weave, embroidered",none,Islamic Art,none
Textile Panel of Chintz,Cotton; printed,none,Islamic Art,none
Textile Fragment with Birds,"Silk, gilt animal substrate around a silk core; lampas",Spanish,Medieval Art,none
Textile Fragment with Double-Headed Eagles,Silk,Islamic,Medieval Art,none
Chasuble,"Silk, metal wrapped thread; lampas (kemha)",none,Islamic Art,none
Cope,"Silk, cotton, metal wrapped thread; cut and voided velvet, brocaded, embroidered, with engraved metal fittings",none,Islamic Art,none
Sampler with needle lace and cutwork,"Linen embroidered with linen thread; reticella, satin, and eye stitches",none,European Sculpture and Decorative Arts,none
Mpu prestige cap,Raffia palm fiber,Kongo peoples,The Michael C. Rockefeller Wing,none
"""La Rose d'Iribe""","(a)silk, (b) linen, wool, cotton",French,Costume Institute,none
Adam and Eve with Charles I and Henrietta Maria,Canvas worked with silk and metal thread; tent and couching stitches,none,European Sculpture and Decorative Arts,none
Belt (Umutsha),"Cloth, glass beads, leather, metal",Zulu or Nguni peoples,The Michael C. Rockefeller Wing,none
Belt (Umutsha),"Fiber, glass beads, brass beads, leather, basketry, cloth",Zulu or Nguni peoples,The Michael C. Rockefeller Wing,none
Umbhaco wrap skirt,"Cotton, wool, glass beads, shell, ocher pigment",Xhosa or Mfengu peoples,The Michael C. Rockefeller Wing,none
Armchair,"Carved and gilded wood; wool, silk",none,European Sculpture and Decorative Arts,none
Armchair,"Carved and gilded wood; wool, silk",none,European Sculpture and Decorative Arts,none
Armchair,"Carved and gilded wood; wool, silk",none,European Sculpture and Decorative Arts,none
Armchair,"Carved and gilded wood; wool, silk",none,European Sculpture and Decorative Arts,none
America,"Carved and gilded wood; wool, silk",none,European Sculpture and Decorative Arts,none
Settee,"Carved and gilded wood; wool, silk",none,European Sculpture and Decorative Arts,none
Sarasa with Small Rosettes,"Cotton (painted resist and mordant, dyed)","India (Coromandel Coast), for the Japanese market",Asian Art,none
Miniature Dress,"Cotton, feathers",Ica,The Michael C. Rockefeller Wing,Ica Valley
Charles I,Silk and metal thread on silk,none,European Sculpture and Decorative Arts,none
Hunting and fishing scenes,Linen and cotton,none,European Sculpture and Decorative Arts,none
Miniature Dress,"Cotton, feathers",Ica,The Michael C. Rockefeller Wing,Ica Valley
Banner (Nobori),"Cotton, hemp (?), bamboo, paper",Japan,Asian Art,none
"Fisherman’s Festival Robe (Maiwai) with Waves, Ship, and Fan","Raw silk, hand-painted and paste-resist dyed",Japan,Asian Art,none
Panel of lace-patterned silk,"Lampas, silk and metal thread",none,European Sculpture and Decorative Arts,none
Night cap,"Linen worked with silk and metal thread, spangles; speckling, running, outline, and plaited braid stitches; metal bobbin lace",none,European Sculpture and Decorative Arts,none
Cope Collar,Silk; embroidered with metal wrapped thread,none,Islamic Art,none
Saint Martin and Saint Hilary,"Linen plain weave underlaid with linen plain weave (two layers) and embroidered with silk and gilt-metal-strip-wrapped silk in single satin, split, and stem stitches, laid work, and couching, including or nué",Flemish,Robert Lehman Collection,none
Upholstery panels for a settee,"Silk, painted",none,European Sculpture and Decorative Arts,none
Upholstery panels for a settee,"Silk, painted",none,European Sculpture and Decorative Arts,none
Hanging with Polychrome Columns,"Linen, wool",none,Islamic Art,none
Europe from a set of The Four Continents,"Wool, silk (19-21 warps per inch, 8 per cm.)",none,European Sculpture and Decorative Arts,none
Africa from a set of The Four Continents,"Wool, silk (19-21 warps per inch, 8 per cm.)",none,European Sculpture and Decorative Arts,none
Asia from a set of The Four Continents,"Wool, silk (19-21 warps per inch, 8 per cm.)",none,European Sculpture and Decorative Arts,none
Saint Martin Announcing to His Parents That He Will Become a Christian,"Linen plain weave underlaid with linen plain weave and embroidered with silk and gilt-metal-strip-wrapped silk in split and stem stitches, laid work, and couching, including or nué",Flemish,Robert Lehman Collection,none
Length of bizarre silk,"Silk satin, brocaded, silk and metal-wrapped thread",none,European Sculpture and Decorative Arts,none
Pair of side curtains for a bed,"Linen, embroidered with wool and silk",none,European Sculpture and Decorative Arts,none
Panel for a skirt or petticoat,Silk embroidered on linen,none,European Sculpture and Decorative Arts,none
Commemorative Panel for Oba,Cotton,Edo peoples,The Michael C. Rockefeller Wing,none
America from a set of The Four Continents,"Wool, silk (19-21 warps per inch, 8 per cm.)",none,European Sculpture and Decorative Arts,none
Hanging with Polychrome Columns,"Linen, wool; tapestry weave",none,Islamic Art,none
Sampler,"Linen worked with silk and linen thread: reticella, double running, eye, cross, satin, and Gobelin stitches",none,European Sculpture and Decorative Arts,none
Napkin or Hand Towel,"Linen, silk; plain weave, embroidered",none,Islamic Art,none
Man’s shoulder or hip cloth (hinggi),"Cotton, natural dyes",Sumba Island artist,The Michael C. Rockefeller Wing,"Sumba Island, East Nusa Tenggara"
"The Bible, The Book of Psalms","Satin worked with silk and metal thread, spangles; knot, tent, and couching stitches; silver metal thread edging",none,European Sculpture and Decorative Arts,none
Man’s shoulder or hip cloth (hinggi),"Cotton, natural dyes",Sumba Island artist,The Michael C. Rockefeller Wing,"Sumba Island, East Nusa Tenggara"
Book cover,Silk and metal thread on canvas,none,European Sculpture and Decorative Arts,none
Carpet with a Compartment Design,"Silk (warp and weft), wool (pile); asymmetrically knotted pile",none,Islamic Art,none
Reed Mat,"Hemp (warp), straw (weft); weft faced plain weave, brocaded",none,Islamic Art,none
Man’s shoulder or hip cloth (hinggi) with deer and serpent motif,"Cotton, dyes",Sumba Island artist,The Michael C. Rockefeller Wing,"Sumba Island, East Nusa Tenggara"
Prestige panel,Raffia palm fiber,Bushong-Kuba peoples,The Michael C. Rockefeller Wing,none
Saint Martin Offering the Wine Cup to the Priest,"Linen plain weave underlaid with linen plain weave and embroidered silk and gilt-metal-strip-wrapped silk in single satin, split, and stem stitches, laid work, and couching, including or nué",Flemish,Robert Lehman Collection,none
Bwami society mukuba wa bifungo headdress,"Plant fiber, glass buttons, glass? plastic?",Lega peoples,The Michael C. Rockefeller Wing,eastern region
Lau Pahudu (Woman’s skirt),Cotton,"Sumba Island, Nusa Tenggara",The Michael C. Rockefeller Wing,Lesser Sunda Islands
Bwami society headdress,"Plant fiber, two‑chambered seed pods, warthog tusks, cowrie shells",Lega peoples,The Michael C. Rockefeller Wing,eastern region
Bwami society headdress,"Plant fiber, cowrie shells, white glass buttons, boar tusks",Lega peoples,The Michael C. Rockefeller Wing,eastern region
Saint Martin Brings a Dead Man to Life,"Linen plain weave underlaid with linen plain weave and embroidered with silk and gilt-metal-strip-wrapped silk in split and stem stitches, laid work, and couching, including or nué",Flemish,Robert Lehman Collection,none
Royal standard,Embroidered and embossed silk with glass beads and sequins; wooden staff sheathed in silver,"India, Rajasthan, probably Mewar",Asian Art,none
Commemorative Panel for Oba,Cotton,Edo peoples,The Michael C. Rockefeller Wing,none
Commemorative Panel for Oba,Cotton,Edo peoples,The Michael C. Rockefeller Wing,none
Commemorative Panel for Oba,Cotton,Edo peoples,The Michael C. Rockefeller Wing,none
Commemorative Panel for Oba,Cotton,Edo peoples,The Michael C. Rockefeller Wing,none
Armchair,Gilded mountain ash; brass mounts and casters; modern upholstery,none,European Sculpture and Decorative Arts,none
Suit,"wool, silk",British,Costume Institute,none
none,none,none,none,none
Thirteen-patch block quilt with Japanesque backing fabric,Cotton,American,The American Wing,none
"Quilt, Tumbling Blocks with Signatures pattern",Silk,American,The American Wing,New England
Evening cape,"silk, metal",French,Costume Institute,none
"""Egg"" Armchair","Ox-hide, plastic, aluminum",none,Modern and Contemporary Art,none
Irises panel,"Silk embroidered with silk and metallic-wrapped cotton threads, metal sequins, and cut-glass beads",American,The American Wing,Mid-Atlantic
Woman's wedding mantle (lliclla) with interlace and tocapu design,"Tapestry weave, cotton warp and camelid weft",Peruvian,The American Wing,none
Fancy dress costume,"silk, metal",French,Costume Institute,none
Wholecloth quilt,Cotton,American,The American Wing,New England
Purse,"glass, silk",Mexican,Costume Institute,none
